{"cameraMode":{"drawMode":0,"name":"Shaded","section":"Shading Mode"},"sceneLighting":false,"audioPlay":false,"sceneViewState":{"m_AlwaysRefresh":false,"showFog":true,"showSkybox":false,"showFlares":true,"showImageEffects":true,"showParticleSystems":true,"showVisualEffectGraphs":true,"m_FxEnabled":true},"in2DMode":false,"pivot":{"x":12.225129127502442,"y":0.2663652300834656,"z":12.11999797821045},"rotation":{"x":-0.13792787492275239,"y":-0.30892398953437807,"z":0.04487824812531471,"w":-0.9403765201568604},"size":0.6270896792411804,"orthographic":false}