{"cameraMode":{"drawMode":0,"name":"Shaded","section":"Shading Mode"},"sceneLighting":true,"audioPlay":false,"sceneViewState":{"m_AlwaysRefresh":false,"showFog":true,"showSkybox":true,"showFlares":true,"showImageEffects":true,"showParticleSystems":true,"showVisualEffectGraphs":true,"m_FxEnabled":true},"in2DMode":false,"pivot":{"x":5.297616004943848,"y":4.061714172363281,"z":5.600278854370117},"rotation":{"x":0.13341295719146729,"y":0.34654945135116579,"z":-0.049700863659381869,"w":0.9275705218315125},"size":0.6917694807052612,"orthographic":false}