{"cameraMode":{"drawMode":0,"name":"Shaded","section":"Shading Mode"},"sceneLighting":true,"audioPlay":false,"sceneViewState":{"m_AlwaysRefresh":false,"showFog":true,"showSkybox":true,"showFlares":true,"showImageEffects":true,"showParticleSystems":true,"showVisualEffectGraphs":true,"m_FxEnabled":true},"in2DMode":false,"pivot":{"x":2.1620683670043947,"y":2.943336009979248,"z":1.6312229633331299},"rotation":{"x":-0.14495885372161866,"y":-0.3572377860546112,"z":0.05608813092112541,"w":-0.9214266538619995},"size":1.0582659244537354,"orthographic":false}